gene,FDR,coef,diff_exp,chromosome
AKAP4,2.00E-05,1.928847498,X,X
BRWD3,0.006244907468,1.745362978,X,X
CFAP47,2.59E-05,2.25427119,X,X
DDX3X,2.00E-05,1.536327563,X,X
DIAPH2,4.01E-07,2.875843028,X,X
DYNLT3,0.001156475164,1.779049261,X,X
EDA,2.59E-05,1.094076202,X,X
FHL1,0.002714711541,1.619648406,X,X
FTSJ1,0.0008355442085,1.830052378,X,X
HDX,0.00290631242,1.64412011,X,X
HTR2C,0.002500949505,1.543638919,X,X
OFD1,0.000788310869,1.894754755,X,X
PDK3,0.001847047063,1.669814826,X,X
SYP,2.59E-05,3.28860326,X,X
SYTL5,2.59E-05,2.575105401,X,X
UPF3B,7.81E-07,3.052441567,X,X
BEX2 (mc/ampl),0.001393390079,1.678674571,X,X
FUNDC1 (mc/ampl),0.0004091681276,1.506229257,X,X
SPANXN5 (mc/ampl),3.45E-05,3.327631443,X,X
DDX3Y,0.00532093453,-1.735448331,Y,Y